date,open,high,low,close,volume,barCount,wap
2004-01-23 09:30:00,115.0,115.16,114.86,115.0,30361,2508,115.034
2004-01-23 10:00:00,115.01,115.37,114.88,114.94,42468,4189,115.161
2004-01-23 11:00:00,114.93,115.07,114.79,115.01,37091,2656,114.916
2004-01-23 12:00:00,115.0,115.0,114.43,114.55,31470,2806,114.681
2004-01-23 13:00:00,114.54,114.67,114.3,114.31,32217,2231,114.545
2004-01-23 14:00:00,114.31,114.52,114.17,114.4,31039,3084,114.322
2004-01-23 15:00:00,114.38,114.45,113.95,114.36,71962,4366,114.239
2004-01-23 16:00:00,114.39,114.51,114.3,114.45,6089,283,114.411
2004-01-26 09:30:00,114.39,114.78,114.39,114.67,44220,2448,114.583
2004-01-26 10:00:00,114.68,114.8,114.43,114.7,41057,3178,114.587
2004-01-26 11:00:00,114.71,114.79,114.4,114.6,41261,2743,114.532
2004-01-26 12:00:00,114.61,114.75,114.47,114.67,10757,1610,114.645
2004-01-26 13:00:00,114.67,114.87,114.61,114.69,19319,1970,114.741
2004-01-26 14:00:00,114.69,115.32,114.68,115.32,37315,3184,115.094
2004-01-26 15:00:00,115.32,115.91,115.28,115.8,74248,4425,115.631
2004-01-26 16:00:00,115.81,115.93,115.81,115.87,8588,262,115.869
2004-01-27 09:30:00,115.75,116.5,115.58,115.73,28537,2133,115.742
2004-01-27 10:00:00,115.73,115.85,115.55,115.61,51042,3708,115.701
2004-01-27 11:00:00,115.58,115.67,115.31,115.35,37731,2973,115.441
2004-01-27 12:00:00,115.34,115.35,115.06,115.13,37189,2401,115.143
2004-01-27 13:00:00,115.15,115.19,114.75,115.04,41713,3313,114.945
2004-01-27 14:00:00,115.05,115.16,114.79,114.97,30693,2689,115.028
2004-01-27 15:00:00,114.97,115.1,114.7,114.73,52251,3935,114.863
2004-01-27 16:00:00,114.7,114.77,114.65,114.7,9376,328,114.715
2004-01-28 09:30:00,114.98,115.14,114.95,115.1,28362,2022,115.065
2004-01-28 10:00:00,115.11,115.27,114.95,115.19,38461,2833,115.129
2004-01-28 11:00:00,115.2,115.28,115.05,115.15,22984,2497,115.163
2004-01-28 12:00:00,115.15,115.17,115.02,115.08,13578,1394,115.078
2004-01-28 13:00:00,115.07,115.23,115.02,115.16,18168,1466,115.128
2004-01-28 14:00:00,115.14,115.2,113.46,113.9,191875,10533,114.173
2004-01-28 15:00:00,113.88,114.03,112.94,113.25,143360,8584,113.382
2004-01-28 16:00:00,113.26,113.4,113.24,113.37,7453,367,113.306
2004-02-02 09:30:00,113.7,113.89,113.59,113.82,29444,2553,113.748
2004-02-02 10:00:00,113.81,113.82,113.13,113.16,81082,5820,113.404
2004-02-02 11:00:00,113.22,114.11,113.12,114.08,45560,3420,113.56
2004-02-02 12:00:00,114.07,114.68,113.26,114.53,50315,4033,114.272
2004-02-02 13:00:00,114.52,114.64,114.38,114.5,25942,2654,114.505
2004-02-02 14:00:00,114.5,114.57,114.32,114.49,26313,2785,114.449
2004-02-02 15:00:00,114.5,114.57,113.35,113.83,90032,5927,113.79
2004-02-02 16:00:00,113.84,113.97,113.8,113.93,11975,496,113.88
2004-02-03 09:30:00,113.74,113.95,113.44,113.84,40814,2355,113.653
2004-02-03 10:00:00,113.84,114.02,113.5,113.9,47652,3604,113.832
2004-02-03 11:00:00,113.91,114.0,113.64,113.73,26593,2830,113.876
2004-02-03 12:00:00,113.72,114.1,113.68,114.01,16340,1585,113.948
2004-02-03 13:00:00,114.01,114.14,113.87,113.98,12516,1250,113.991
2004-02-03 14:00:00,113.97,114.07,113.57,113.81,37072,2963,113.789
2004-02-03 15:00:00,113.79,114.0,113.76,113.95,33193,3113,113.895
2004-02-03 16:00:00,113.98,114.03,113.78,113.78,19299,532,113.952
2004-02-04 09:30:00,113.19,113.4,113.14,113.21,36077,1941,113.251
2004-02-04 10:00:00,113.22,113.73,112.95,113.6,96692,6630,113.398
2004-02-04 11:00:00,113.6,113.69,113.36,113.47,30036,3004,113.531
2004-02-04 12:00:00,113.47,113.67,113.41,113.5,20022,1956,113.563
2004-02-04 13:00:00,113.51,113.67,113.22,113.25,32116,2434,113.486
2004-02-04 14:00:00,113.24,113.94,112.79,112.96,76696,6724,112.994
2004-02-04 15:00:00,112.95,113.37,112.89,113.03,59032,5858,113.153
2004-02-04 16:00:00,113.04,113.94,112.85,112.89,16475,454,112.98
2004-02-05 09:30:00,113.17,113.33,112.97,113.05,43282,2389,113.156
2004-02-05 10:00:00,113.07,113.26,112.93,112.97,40428,4061,113.094
2004-02-05 11:00:00,112.98,113.08,112.78,112.96,46583,3488,112.919
2004-02-05 12:00:00,112.96,113.07,112.84,113.07,13265,1861,112.942
2004-02-05 13:00:00,113.06,113.54,112.99,113.32,70225,3861,113.325
2004-02-05 14:00:00,113.34,113.49,112.98,113.02,40538,2765,113.286
2004-02-05 15:00:00,113.03,113.47,113.0,113.26,59396,3446,113.216
2004-02-05 16:00:00,113.3,113.35,113.14,113.18,16951,446,113.278
2004-02-06 09:30:00,113.42,113.62,113.2,113.38,51142,2910,113.423
2004-02-06 10:00:00,113.37,114.47,113.34,114.35,92398,6679,114.017
2004-02-06 11:00:00,114.36,114.38,114.08,114.18,24779,2898,114.264
2004-02-06 12:00:00,114.16,114.36,114.09,114.22,20413,2529,114.245
2004-02-06 13:00:00,114.21,114.4,114.14,114.33,17599,2381,114.264
2004-02-06 14:00:00,114.32,114.57,114.19,114.47,18751,2708,114.368
2004-02-06 15:00:00,114.45,114.69,113.25,114.66,52654,4135,114.307
2004-02-06 16:00:00,114.66,114.7,114.42,114.43,19503,601,114.593
2004-02-09 09:30:00,114.67,114.69,114.43,114.58,31435,1977,114.569
2004-02-09 10:00:00,114.57,114.71,114.42,114.55,22182,3398,114.589
2004-02-09 11:00:00,114.56,114.69,114.45,114.65,23679,2362,114.579
2004-02-09 12:00:00,114.65,114.76,114.5,114.6,26130,2339,114.614
2004-02-09 13:00:00,114.6,114.87,114.59,114.75,19751,2038,114.75
2004-02-09 14:00:00,114.75,114.78,114.35,114.4,24045,2577,114.584
2004-02-09 15:00:00,114.4,114.49,114.29,114.34,71932,4297,114.373
2004-02-09 16:00:00,114.34,114.52,114.32,114.45,16682,394,114.381
2004-02-10 10:00:00,114.52,114.84,114.41,114.79,32485,3016,114.618
2004-02-10 11:00:00,114.82,114.83,114.62,114.68,19864,1807,114.752
2004-02-10 12:00:00,114.68,115.14,114.64,115.09,23379,2327,114.86
2004-02-10 13:00:00,115.08,115.09,114.92,115.0,17565,1972,115.001
2004-02-10 14:00:00,114.97,115.08,114.52,114.61,51272,3321,114.73
2004-02-10 15:00:00,114.63,114.97,114.57,114.9,38869,3376,114.804
2004-02-10 16:00:00,114.9,114.97,114.77,114.82,14032,497,114.924
2004-02-11 09:30:00,114.85,114.9,114.17,114.87,22446,1465,114.813
2004-02-11 10:00:00,114.88,114.91,114.66,114.81,26841,1906,114.754
2004-02-11 11:00:00,114.81,115.8,105.01,115.73,129181,5621,115.36
2004-02-11 12:00:00,115.73,115.86,115.54,115.71,25366,2186,115.686
2004-02-11 13:00:00,115.68,116.18,114.61,116.13,59338,2562,115.885
2004-02-11 14:00:00,116.12,116.39,116.05,116.17,52429,2947,116.208
2004-02-11 15:00:00,116.17,116.35,115.22,116.19,61172,4080,116.178
2004-02-11 16:00:00,116.2,116.22,116.07,116.08,14449,556,116.161
2004-02-12 09:30:00,115.97,116.09,114.94,116.07,22006,1330,115.959
2004-02-12 10:00:00,116.07,116.27,115.97,116.0,39124,3687,116.119
2004-02-12 11:00:00,116.01,116.21,115.82,115.92,22811,3013,115.981
2004-02-12 12:00:00,115.93,116.01,115.65,115.75,35157,2329,115.766
2004-02-12 13:00:00,115.75,115.99,114.64,115.87,38081,2313,115.66
2004-02-12 14:00:00,115.86,115.93,115.64,115.75,27966,2227,115.803
2004-02-12 15:00:00,115.75,116.74,115.58,115.67,47371,3487,115.715
2004-02-12 16:00:00,115.67,115.81,115.62,115.65,17197,454,115.705
2004-02-13 09:30:00,115.82,116.14,115.62,116.08,97747,3043,115.873
2004-02-13 10:00:00,116.15,116.2,115.03,115.12,98606,5995,115.651
2004-02-13 11:00:00,115.11,115.39,115.07,115.1,45679,2949,115.242
2004-02-13 12:00:00,115.11,115.24,114.75,115.0,59800,4027,114.978
2004-02-13 13:00:00,115.0,115.12,114.94,115.02,22080,1668,115.021
2004-02-13 14:00:00,115.04,115.25,114.95,114.97,29593,2159,115.116
2004-02-13 15:00:00,114.97,115.16,114.89,115.12,36789,2399,115.051
2004-02-13 16:00:00,115.12,115.14,115.01,115.12,10145,440,115.091
2004-02-17 09:30:00,115.85,116.04,115.77,115.88,31933,2112,115.879
2004-02-17 10:00:00,115.89,116.07,115.78,115.99,31892,2959,115.912
2004-02-17 11:00:00,115.99,116.16,115.95,116.02,23087,2322,116.054
2004-02-17 12:00:00,116.01,116.31,116.0,116.19,26388,2054,116.205
2004-02-17 13:00:00,116.18,116.27,116.04,116.15,28304,1829,116.166
2004-02-17 14:00:00,116.19,116.43,116.12,116.38,26787,1820,116.285
2004-02-17 15:00:00,116.38,116.41,116.07,116.14,47912,2591,116.203
2004-02-17 16:00:00,116.16,116.2,116.1,116.2,10268,301,116.138
2004-02-18 09:30:00,116.2,116.25,115.9,116.03,35551,1950,116.091
2004-02-18 10:00:00,116.04,116.6,115.85,115.95,39109,3010,116.026
2004-02-18 11:00:00,115.95,116.11,115.93,115.98,24859,1706,116.002
2004-02-18 12:00:00,115.98,116.25,115.89,116.11,18187,1521,116.137
2004-02-18 13:00:00,116.11,116.2,115.94,116.08,9322,1284,116.079
2004-02-18 14:00:00,116.07,116.09,115.35,115.62,74463,4309,115.601
2004-02-18 15:00:00,115.62,115.8,115.56,115.66,32964,2943,115.7
2004-02-18 16:00:00,115.65,115.76,115.61,115.66,7754,325,115.681
2004-02-19 09:30:00,116.33,116.39,116.18,116.29,45210,1931,116.292
2004-02-19 10:00:00,116.27,116.28,115.0,116.02,55779,2681,116.075
2004-02-19 11:00:00,116.05,116.24,115.83,116.16,65739,2478,116.011
2004-02-19 12:00:00,116.15,116.37,115.97,116.19,27080,1937,116.199
2004-02-19 13:00:00,116.2,116.28,115.91,116.23,39787,2019,116.075
2004-02-19 14:00:00,116.23,116.28,115.92,115.98,36731,2076,116.09
2004-02-19 15:00:00,116.0,116.02,115.13,115.22,138315,5240,115.55
2004-02-19 16:00:00,115.22,115.3,115.06,115.23,20035,513,115.191
2004-02-20 09:30:00,115.48,115.5,114.99,115.05,55670,2701,115.252
2004-02-20 10:00:00,115.03,115.28,114.5,114.65,70900,4244,114.919
2004-02-20 11:00:00,114.64,114.98,114.56,114.85,36537,2677,114.766
2004-02-20 12:00:00,114.79,114.88,114.32,114.4,37480,2179,114.616
2004-02-20 13:00:00,114.35,114.93,114.35,114.87,55519,2666,114.641
2004-02-20 14:00:00,114.89,115.48,114.81,115.1,80661,3791,115.179
2004-02-20 15:00:00,115.09,115.16,114.8,115.0,40000,3020,114.997
2004-02-20 16:00:00,115.0,115.04,114.9,114.9,16840,367,114.968
2004-02-23 09:30:00,115.22,115.26,114.82,114.98,50454,2407,115.013
2004-02-23 10:00:00,114.99,115.1,114.57,114.9,64759,5837,114.817
2004-02-23 11:00:00,114.9,114.92,114.35,114.43,43720,3884,114.607
2004-02-23 12:00:00,114.43,114.6,114.21,114.48,50918,3274,114.419
2004-02-23 13:00:00,114.47,114.71,114.29,114.5,28884,3126,114.549
2004-02-23 14:00:00,114.47,114.51,114.17,114.3,35023,4109,114.342
2004-02-23 15:00:00,114.3,115.61,114.29,114.55,57434,5016,114.511
2004-02-23 16:00:00,114.53,114.61,114.46,114.55,7720,298,114.533
2004-02-24 09:30:00,114.27,114.38,113.32,114.34,69583,2828,114.254
2004-02-24 10:00:00,114.28,114.99,113.99,114.8,114432,8268,114.557
2004-02-24 11:00:00,114.81,114.88,114.47,114.6,41544,3622,114.634
2004-02-24 12:00:00,114.59,114.74,114.42,114.62,17945,1649,114.63
2004-02-24 13:00:00,114.62,114.84,114.41,114.47,29914,2724,114.694
2004-02-24 14:00:00,114.5,114.52,113.03,114.07,76984,4988,114.096
2004-02-24 15:00:00,114.07,114.49,114.05,114.45,45966,4252,114.325
2004-02-24 16:00:00,114.45,114.47,114.35,114.4,9744,379,114.422
2004-02-25 09:30:00,114.46,114.84,114.38,114.8,65340,2926,114.633
2004-02-25 10:00:00,114.78,114.91,114.63,114.77,39897,4606,114.766
2004-02-25 11:00:00,114.75,115.03,114.32,114.54,52230,4168,114.705
2004-02-25 12:00:00,114.55,114.87,114.48,114.87,31357,1886,114.711
2004-02-25 13:00:00,114.88,114.95,114.66,114.84,13010,1657,114.796
2004-02-25 14:00:00,114.84,114.94,114.71,114.82,20613,2437,114.823
2004-02-25 15:00:00,114.81,115.06,114.79,114.91,50038,4314,114.952
2004-02-25 16:00:00,114.91,114.96,114.82,114.86,15945,442,114.881
2004-02-26 09:30:00,114.61,114.79,114.42,114.56,26904,2670,114.606
2004-02-26 10:00:00,114.55,114.69,114.34,114.65,48132,4665,114.536
2004-02-26 11:00:00,114.62,115.02,114.62,114.91,46866,4204,114.872
2004-02-26 12:00:00,114.93,115.29,114.86,115.21,37620,3154,115.117
2004-02-26 13:00:00,115.23,115.23,115.0,115.12,19627,1804,115.119
2004-02-26 14:00:00,115.13,115.19,114.88,115.04,31546,2649,115.026
2004-02-26 15:00:00,115.04,115.26,114.95,115.04,30660,2996,115.103
2004-02-26 16:00:00,115.02,115.1,114.9,114.9,9347,450,115.008
2004-02-27 09:30:00,115.19,115.4,115.11,115.33,33422,2538,115.234
2004-02-27 10:00:00,115.34,115.74,115.33,115.48,58503,5092,115.557
2004-02-27 11:00:00,115.48,116.08,114.63,114.86,72254,6150,115.063
2004-02-27 12:00:00,114.87,115.07,114.83,115.03,44080,2241,114.944
2004-02-27 13:00:00,115.03,115.3,114.99,115.01,30347,2623,115.106
2004-02-27 14:00:00,115.01,115.55,115.01,115.5,35141,3615,115.318
2004-02-27 15:00:00,115.52,115.55,115.02,115.08,65348,3640,115.255
2004-02-27 16:00:00,115.1,115.1,114.95,115.05,19468,442,115.023
2004-03-01 09:30:00,115.43,115.69,115.38,115.54,50846,2737,115.524
2004-03-01 10:00:00,115.54,115.83,114.44,115.43,89470,6158,115.55
2004-03-01 11:00:00,115.42,115.66,115.25,115.66,28232,3684,115.434
2004-03-01 12:00:00,115.67,115.92,115.64,115.78,21516,2346,115.781
2004-03-01 13:00:00,115.78,115.95,115.68,115.89,21872,2010,115.809
2004-03-01 14:00:00,115.89,116.34,115.77,116.23,39505,4563,116.109
2004-03-01 15:00:00,116.25,116.26,116.08,116.12,36434,3846,116.153
2004-03-01 16:00:00,116.12,116.18,116.08,116.12,16589,419,116.129
2004-03-02 09:30:00,115.94,116.23,115.9,116.15,27711,2474,116.073
2004-03-02 10:00:00,116.13,116.22,115.85,116.11,59362,4179,116.039
2004-03-02 11:00:00,116.13,116.2,115.78,116.04,27983,3179,116.027
2004-03-02 12:00:00,116.04,116.14,115.49,115.6,59666,3835,115.77
2004-03-02 13:00:00,115.6,115.8,115.23,115.41,63698,4653,115.491
2004-03-02 14:00:00,115.4,115.68,115.33,115.6,38044,3997,115.543
2004-03-02 15:00:00,115.6,115.89,115.44,115.5,55629,5429,115.664
2004-03-02 16:00:00,115.49,115.54,115.41,115.5,9279,376,115.479
2004-03-03 09:30:00,115.25,115.38,115.14,115.28,28663,2737,115.267
2004-03-03 10:00:00,115.27,115.47,114.92,115.09,95108,7506,115.216
2004-03-03 11:00:00,115.1,115.4,114.25,115.28,24905,3665,115.169
2004-03-03 12:00:00,115.29,115.32,115.07,115.22,16048,2539,115.19
2004-03-03 13:00:00,115.22,115.83,115.16,115.73,50271,4374,115.595
2004-03-03 14:00:00,115.7,115.87,115.0,115.64,33014,4190,115.694
2004-03-03 15:00:00,115.63,115.85,115.52,115.7,31228,3658,115.659
2004-03-03 16:00:00,115.71,115.72,115.57,115.67,10203,316,115.662
2004-03-04 09:30:00,115.72,115.86,115.63,115.81,25644,2552,115.732
2004-03-04 10:00:00,115.8,115.85,115.52,115.63,31042,4205,115.66
2004-03-04 11:00:00,115.63,115.93,115.62,115.82,35443,2799,115.81
2004-03-04 12:00:00,115.82,116.06,115.77,116.03,27772,2292,115.912
2004-03-04 13:00:00,116.05,116.1,115.81,115.88,31929,2090,116.006
2004-03-04 14:00:00,115.87,116.05,115.86,115.98,17511,2033,115.953
2004-03-04 15:00:00,115.98,116.09,115.86,116.05,19492,2704,115.957
2004-03-04 16:00:00,116.06,116.07,115.96,116.01,7276,313,116.047
2004-03-05 09:30:00,115.42,115.88,115.35,115.81,81343,5526,115.607
2004-03-05 10:00:00,115.79,116.95,115.76,116.54,172916,13874,116.421
2004-03-05 11:00:00,116.57,116.68,115.08,116.22,97980,9273,116.116
2004-03-05 12:00:00,116.18,116.53,115.28,116.27,29536,5688,116.284
2004-03-05 13:00:00,116.28,116.48,116.15,116.26,23851,3564,116.286
2004-03-05 14:00:00,116.26,116.58,115.28,116.33,37810,5945,116.395
2004-03-05 15:00:00,116.33,116.6,116.13,116.29,48115,4494,116.372
2004-03-05 16:00:00,116.3,116.36,116.26,116.33,13473,571,116.298
2004-03-08 09:30:00,116.34,116.62,115.55,116.49,32353,2575,116.379
2004-03-08 10:00:00,116.49,116.55,116.14,116.2,34152,5067,116.342
2004-03-08 11:00:00,116.17,116.45,116.16,116.45,17973,2880,116.343
2004-03-08 12:00:00,116.45,116.46,116.18,116.34,11557,2339,116.304
2004-03-08 13:00:00,116.34,116.34,115.82,115.88,53093,3858,116.097
2004-03-08 14:00:00,115.84,115.99,115.5,115.69,67635,5319,115.742
2004-03-08 15:00:00,115.66,115.69,115.22,115.27,72947,5494,115.492
2004-03-08 16:00:00,115.26,115.31,114.93,114.97,24094,671,115.064
2004-03-09 09:30:00,115.1,115.15,104.97,115.11,57507,4226,115.009
2004-03-09 10:00:00,115.14,115.88,114.65,114.92,62940,7072,114.894
2004-03-09 11:00:00,114.93,115.1,114.8,114.83,35473,3946,114.974
2004-03-09 12:00:00,114.82,115.05,114.55,114.63,42251,6071,114.778
2004-03-09 13:00:00,114.61,114.79,114.47,114.56,44890,4626,114.645
2004-03-09 14:00:00,114.57,114.85,114.27,114.37,37334,5111,114.504
2004-03-09 15:00:00,114.37,114.79,114.24,114.66,68086,6301,114.537
2004-03-09 16:00:00,114.7,114.7,114.49,114.54,8227,417,114.601
2004-03-10 09:30:00,114.72,114.75,114.08,114.56,51137,4692,114.579
2004-03-10 10:00:00,114.54,114.77,114.15,114.57,71554,8954,114.503
2004-03-10 11:00:00,114.56,115.62,111.45,114.38,34973,4577,114.583
2004-03-10 12:00:00,114.4,114.45,114.21,114.41,23254,3833,114.354
2004-03-10 13:00:00,114.42,114.44,113.68,113.81,160376,11321,113.923
2004-03-10 14:00:00,113.8,113.98,113.67,113.74,81759,6336,113.875
2004-03-10 15:00:00,113.79,113.95,112.79,112.98,159135,12425,113.231
2004-03-10 16:00:00,112.97,113.64,112.56,112.65,18688,874,113.014
2004-03-11 09:30:00,112.39,114.27,112.19,112.69,139236,7659,112.458
2004-03-11 10:00:00,112.69,112.95,112.0,112.56,85975,9582,112.693
2004-03-11 11:00:00,112.56,112.92,112.24,112.69,75663,7139,112.522
2004-03-11 12:00:00,112.69,113.24,112.62,113.23,73494,7178,112.914
2004-03-11 13:00:00,113.23,113.27,112.8,112.86,45663,5755,113.036
2004-03-11 14:00:00,112.84,114.35,112.3,112.42,112599,10101,112.703
2004-03-11 15:00:00,112.45,112.68,111.15,111.35,207554,16477,111.843
2004-03-11 16:00:00,111.3,111.36,111.1,111.14,49550,1487,111.24
2004-03-12 09:30:00,111.73,112.22,111.66,112.04,118751,8821,111.928
2004-03-12 10:00:00,112.08,112.26,111.58,111.78,137930,11479,111.926
2004-03-12 11:00:00,111.77,112.51,111.76,112.5,67967,7991,112.18
2004-03-12 12:00:00,112.51,112.54,112.01,112.2,36965,3780,112.287
2004-03-12 13:00:00,112.21,112.35,112.04,112.25,18619,2522,112.217
2004-03-12 14:00:00,112.28,112.53,112.21,112.34,40352,4693,112.388
2004-03-12 15:00:00,112.35,112.7,112.18,112.69,58653,6250,112.458
2004-03-12 16:00:00,112.68,112.71,112.26,112.59,17529,661,112.647
2004-03-15 09:30:00,112.26,112.35,112.04,112.07,54913,5476,112.169
2004-03-15 10:00:00,112.07,112.19,111.42,111.45,94976,10370,111.86
2004-03-15 11:00:00,111.46,111.69,111.13,111.2,75468,8201,111.468
2004-03-15 12:00:00,111.2,111.73,111.1,111.7,76755,9327,111.336
2004-03-15 13:00:00,111.67,111.71,111.11,111.52,52035,5538,111.441
2004-03-15 14:00:00,111.52,111.76,111.22,111.35,59431,7981,111.508
2004-03-15 15:00:00,111.35,111.62,110.9,111.03,97394,8932,111.182
2004-03-15 16:00:00,111.08,111.28,111.02,111.24,14186,608,111.108
2004-03-16 09:30:00,111.78,112.06,111.73,111.86,59966,6932,111.914
2004-03-16 10:00:00,111.85,111.98,111.67,111.78,67677,7736,111.823
2004-03-16 11:00:00,111.78,111.89,111.54,111.67,54174,6285,111.696
2004-03-16 12:00:00,111.68,111.68,111.29,111.36,55449,6818,111.404
2004-03-16 13:00:00,111.37,112.66,111.31,111.53,29662,3970,111.558
2004-03-16 14:00:00,111.54,112.0,110.87,110.99,155523,17702,111.402
2004-03-16 15:00:00,110.96,111.95,110.84,111.73,106607,12739,111.471
2004-03-16 16:00:00,111.72,111.81,111.64,111.75,18097,553,111.726
2004-03-17 09:30:00,112.2,112.66,112.1,112.47,71108,6486,112.424
2004-03-17 10:00:00,112.47,112.75,111.56,112.5,59829,7110,112.55
2004-03-17 11:00:00,112.49,113.01,112.47,112.93,52199,6640,112.855
2004-03-17 12:00:00,112.93,113.02,112.81,112.87,34586,3314,112.909
2004-03-17 13:00:00,112.88,113.03,112.72,112.87,29361,2407,112.895
2004-03-17 14:00:00,112.87,113.13,112.85,113.06,42682,4521,113.014
2004-03-17 15:00:00,113.07,113.26,112.99,113.0,58166,6189,113.126
2004-03-17 16:00:00,112.98,113.06,112.96,113.01,19278,586,113.008
2004-03-18 09:30:00,112.67,112.83,112.6,112.77,42150,4159,112.695
2004-03-18 10:00:00,112.78,112.8,112.25,112.36,65622,8244,112.461
2004-03-18 11:00:00,112.36,112.39,112.09,112.36,46752,5743,112.281
2004-03-18 12:00:00,112.33,112.65,111.93,112.44,92064,9653,112.292
2004-03-18 13:00:00,112.44,113.25,112.05,112.61,152042,14198,112.774
2004-03-18 14:00:00,112.6,112.82,112.42,112.66,40855,6698,112.596
2004-03-18 15:00:00,112.65,113.25,112.48,112.91,80441,9912,112.969
2004-03-18 16:00:00,112.9,113.06,112.88,113.05,20422,470,112.937
2004-03-19 09:30:00,112.41,112.49,111.94,112.15,59704,7107,112.217
2004-03-19 10:00:00,112.15,112.4,111.93,112.27,71938,7464,112.178
2004-03-19 11:00:00,112.27,112.57,112.14,112.26,37805,5145,112.323
2004-03-19 12:00:00,112.26,112.38,112.1,112.19,23019,3810,112.243
2004-03-19 13:00:00,112.2,112.29,111.9,112.07,36040,3604,112.024
2004-03-19 14:00:00,112.07,112.21,111.76,111.79,25072,3711,112.021
2004-03-19 15:00:00,111.78,112.27,110.7,111.29,105164,8347,111.493
2004-03-19 16:00:00,111.28,112.12,111.04,111.1,58675,658,111.216
2004-03-22 09:30:00,110.54,110.57,105.95,109.93,70649,7543,110.325
2004-03-22 10:00:00,109.94,110.07,109.4,110.03,113852,13631,109.802
2004-03-22 11:00:00,110.02,110.34,109.69,110.08,79284,9541,110.076
2004-03-22 12:00:00,110.09,110.09,109.72,110.0,31125,5212,109.924
2004-03-22 13:00:00,110.01,110.01,109.5,109.65,49281,6613,109.736
2004-03-22 14:00:00,109.6,110.29,105.35,109.52,117959,11998,109.403
2004-03-22 15:00:00,109.5,109.89,109.38,109.74,74117,9938,109.664
2004-03-22 16:00:00,109.75,109.82,109.6,109.68,27876,643,109.685
2004-03-23 09:30:00,110.25,110.39,110.01,110.25,92778,6454,110.211
2004-03-23 10:00:00,110.25,110.31,109.86,110.24,80249,10570,110.082
2004-03-23 11:00:00,110.25,110.25,109.65,109.92,65372,6873,109.91
2004-03-23 12:00:00,109.92,109.97,109.36,109.7,58173,5926,109.625
2004-03-23 13:00:00,109.69,110.17,109.57,110.03,54256,4677,109.901
2004-03-23 14:00:00,110.04,110.38,109.9,110.27,57561,7279,110.135
2004-03-23 15:00:00,110.27,110.4,109.62,109.65,62248,7992,110.053
2004-03-23 16:00:00,109.65,109.69,109.43,109.48,18366,584,109.576
2004-03-24 09:30:00,109.62,109.95,109.43,109.7,59813,5718,109.712
2004-03-24 10:00:00,109.7,109.83,109.19,109.35,76351,10946,109.503
2004-03-24 11:00:00,109.33,109.77,108.85,109.74,121397,11690,109.318
2004-03-24 12:00:00,109.75,110.14,109.64,109.92,54337,5292,109.933
2004-03-24 13:00:00,109.92,109.96,109.62,109.85,39482,3069,109.822
2004-03-24 14:00:00,109.85,109.88,109.4,109.51,41647,5336,109.647
2004-03-24 15:00:00,109.52,109.56,109.0,109.41,69912,9429,109.318
2004-03-24 16:00:00,109.41,109.56,109.36,109.55,11182,414,109.421
2004-03-25 09:30:00,110.08,110.2,109.95,110.01,53581,6019,110.079
2004-03-25 10:00:00,110.0,110.26,109.79,110.14,68391,7121,110.026
2004-03-25 11:00:00,110.16,111.03,110.01,110.35,47856,5355,110.278
2004-03-25 12:00:00,110.37,110.87,110.31,110.72,62290,7158,110.604
2004-03-25 13:00:00,110.73,110.98,110.68,110.98,58916,4253,110.853
2004-03-25 14:00:00,110.97,111.09,110.81,110.92,76382,6004,110.967
2004-03-25 15:00:00,110.92,111.3,110.1,111.11,58988,6835,111.131
2004-03-25 16:00:00,111.11,111.19,110.99,111.02,20274,571,111.096
2004-03-26 09:30:00,110.96,111.37,110.8,111.16,63362,4925,111.07
2004-03-26 10:00:00,111.17,111.37,110.92,111.15,46593,8062,111.141
2004-03-26 11:00:00,111.12,111.69,111.06,111.56,51828,6583,111.458
2004-03-26 12:00:00,111.56,111.64,111.35,111.48,29136,3442,111.5
2004-03-26 13:00:00,111.48,111.61,111.33,111.34,27492,3586,111.462
2004-03-26 14:00:00,111.36,111.68,111.35,111.58,21167,3843,111.545
2004-03-26 15:00:00,111.59,111.79,111.08,111.17,74600,7660,111.423
2004-03-26 16:00:00,111.18,111.2,110.95,111.02,22251,701,111.08
2004-03-29 09:30:00,111.63,112.16,111.58,112.05,73618,6254,111.869
2004-03-29 10:00:00,112.04,112.58,112.04,112.53,75055,10003,112.387
2004-03-29 11:00:00,112.52,114.5,112.42,112.58,47381,5159,112.935
2004-03-29 12:00:00,112.59,112.64,112.43,112.5,24108,3470,112.561
2004-03-29 13:00:00,112.51,112.58,112.35,112.57,33030,3320,112.455
2004-03-29 14:00:00,112.59,112.74,112.36,112.59,37655,4776,112.541
2004-03-29 15:00:00,112.6,112.74,111.62,112.49,98252,10949,112.354
2004-03-29 16:00:00,112.48,112.65,112.45,112.56,16503,787,112.559
2004-03-30 09:30:00,112.3,112.74,112.22,112.67,56459,5702,112.438
2004-03-30 10:00:00,112.67,112.72,112.35,112.65,64287,7689,112.538
2004-03-30 11:00:00,112.65,112.75,112.45,112.45,26481,4677,112.632
2004-03-30 12:00:00,112.44,112.58,112.24,112.36,36650,4130,112.398
2004-03-30 13:00:00,112.36,112.7,112.31,112.64,43467,3616,112.564
2004-03-30 14:00:00,112.64,112.84,112.47,112.74,35508,4319,112.643
2004-03-30 15:00:00,112.74,113.07,112.69,112.97,72559,6193,112.918
2004-03-30 16:00:00,112.98,113.01,112.61,113.01,16741,365,112.953
2004-03-31 09:30:00,112.99,113.02,112.64,112.9,72197,5003,112.809
2004-03-31 10:00:00,112.87,112.89,112.38,112.74,93559,9761,112.572
2004-03-31 11:00:00,112.74,112.89,112.64,112.74,42771,4006,112.76
2004-03-31 12:00:00,112.74,113.05,112.69,112.85,20454,3560,112.843
2004-03-31 13:00:00,112.85,112.92,112.61,112.67,27237,3558,112.767
2004-03-31 14:00:00,112.66,113.4,112.66,113.29,70312,7122,113.101
2004-03-31 15:00:00,113.29,113.37,112.82,112.88,86683,7168,113.008
2004-03-31 16:00:00,112.86,113.89,112.82,113.14,13958,578,112.913
2004-04-01 09:30:00,113.07,118.18,113.05,113.17,52332,4731,113.237
2004-04-01 10:00:00,113.17,114.59,113.16,113.76,138791,13143,113.586
2004-04-01 11:00:00,113.76,113.84,113.57,113.6,43708,6754,113.681
2004-04-01 12:00:00,113.62,113.68,113.26,113.34,40075,5866,113.448
2004-04-01 13:00:00,113.36,113.7,113.34,113.61,21106,3511,113.515
2004-04-01 14:00:00,113.62,113.73,113.4,113.43,31544,4554,113.597
2004-04-01 15:00:00,113.43,113.6,113.21,113.49,75857,9480,113.411
2004-04-01 16:00:00,113.5,113.78,113.47,113.76,21125,624,113.559
2004-04-02 09:30:00,114.81,115.55,114.28,114.61,110567,11178,114.622
2004-04-02 10:00:00,114.6,114.75,113.91,114.28,88592,11587,114.239
2004-04-02 11:00:00,114.29,114.47,113.32,114.36,41750,5525,114.262
2004-04-02 12:00:00,114.37,114.65,114.17,114.6,33130,4715,114.445
2004-04-02 13:00:00,114.58,114.59,114.25,114.46,25247,4354,114.401
2004-04-02 14:00:00,114.47,114.54,112.01,114.07,63202,8500,114.118
2004-04-02 15:00:00,114.05,114.47,114.01,114.44,68702,8130,114.29
2004-04-02 16:00:00,114.44,114.63,114.34,114.62,20654,750,114.499
2004-04-05 09:30:00,114.46,114.74,114.45,114.58,38935,4678,114.597
2004-04-05 10:00:00,114.59,114.88,114.47,114.48,93291,10180,114.679
2004-04-05 11:00:00,114.48,114.63,114.44,114.57,24787,5998,114.523
2004-04-05 12:00:00,114.56,114.81,114.51,114.73,31700,4285,114.695
2004-04-05 13:00:00,114.73,114.8,114.6,114.72,13646,3152,114.682
2004-04-05 14:00:00,114.72,114.83,114.64,114.77,20144,3668,114.756
2004-04-05 15:00:00,114.77,115.37,114.74,115.33,56053,7588,115.118
2004-04-05 16:00:00,115.33,115.38,115.07,115.26,14259,508,115.29
2004-04-06 09:30:00,114.83,114.94,114.7,114.89,35204,5273,114.819
2004-04-06 10:00:00,114.89,115.06,114.79,114.91,55887,8048,114.92
2004-04-06 11:00:00,114.9,114.91,114.62,114.74,41963,5192,114.742
2004-04-06 12:00:00,114.74,114.83,114.64,114.71,18167,2945,114.754
2004-04-06 13:00:00,114.7,115.01,114.68,114.86,21180,2866,114.871
2004-04-06 14:00:00,114.85,115.18,114.1,115.02,31414,4129,115.028
2004-04-06 15:00:00,115.01,115.16,114.85,115.08,33549,5609,114.999
2004-04-06 16:00:00,115.08,115.14,114.88,114.91,13041,460,115.016
2004-04-07 09:30:00,114.94,114.98,114.6,114.7,35717,4203,114.755
2004-04-07 10:00:00,114.72,114.79,114.11,114.19,88180,10312,114.401
2004-04-07 11:00:00,114.19,114.41,114.16,114.29,54267,6509,114.295
2004-04-07 12:00:00,114.27,114.42,114.18,114.22,28508,3643,114.282
2004-04-07 13:00:00,114.22,114.45,114.22,114.3,18655,2501,114.344
2004-04-07 14:00:00,114.3,114.63,114.13,114.57,48775,5101,114.312
2004-04-07 15:00:00,114.57,114.93,114.31,114.49,113926,9874,114.691
2004-04-07 16:00:00,114.47,114.67,114.41,114.66,17239,661,114.496
2004-04-08 09:30:00,115.41,115.41,114.99,115.01,41111,4086,115.201
2004-04-08 10:00:00,115.02,115.1,114.58,114.76,66076,10307,114.808
2004-04-08 11:00:00,114.75,114.79,114.39,114.69,45576,6303,114.563
2004-04-08 12:00:00,114.7,114.8,114.51,114.54,28241,4291,114.678
2004-04-08 13:00:00,114.54,114.76,114.46,114.51,19227,3937,114.59
2004-04-08 14:00:00,114.49,114.54,113.91,114.11,105995,8505,114.177
2004-04-08 15:00:00,114.12,114.35,113.74,114.23,111742,11340,114.013
2004-04-08 16:00:00,114.25,114.4,114.14,114.38,13679,632,114.232
2004-04-12 09:30:00,114.58,114.83,114.57,114.8,44476,4795,114.687
2004-04-12 10:00:00,114.8,115.08,114.78,115.07,57739,7613,114.951
2004-04-12 11:00:00,115.07,115.08,114.76,114.9,25520,3776,114.884
2004-04-12 12:00:00,114.89,114.97,114.79,114.82,11659,1710,114.873
2004-04-12 13:00:00,114.82,114.89,114.64,114.78,15994,2266,114.754
2004-04-12 14:00:00,114.82,114.92,114.72,114.77,16275,2500,114.836
2004-04-12 15:00:00,114.77,114.96,114.69,114.88,28748,3455,114.822
2004-04-12 16:00:00,114.87,114.99,114.83,114.84,5800,343,114.908
2004-04-13 09:30:00,115.26,115.3,114.65,114.67,45063,5626,114.913
2004-04-13 10:00:00,114.66,114.68,114.2,114.43,97690,10788,114.419
2004-04-13 11:00:00,114.43,114.46,114.16,114.28,27756,5425,114.31
2004-04-13 12:00:00,114.28,114.29,113.74,113.94,58929,6507,113.971
2004-04-13 13:00:00,113.94,113.97,113.41,113.5,64663,7649,113.689
2004-04-13 14:00:00,113.5,113.64,113.18,113.3,85297,10064,113.402
2004-04-13 15:00:00,113.35,113.55,113.07,113.3,97450,12390,113.293
2004-04-13 16:00:00,113.31,113.4,113.24,113.24,22201,569,113.322
2004-04-14 09:30:00,112.61,113.84,112.57,113.01,78845,8506,112.78
2004-04-14 10:00:00,113.02,113.45,112.81,113.29,124336,11480,113.212
2004-04-14 11:00:00,113.25,113.63,113.23,113.54,74689,7625,113.467
2004-04-14 12:00:00,113.54,113.64,113.22,113.41,29839,4043,113.457
2004-04-14 13:00:00,113.37,113.39,113.11,113.23,91900,3782,113.271
2004-04-14 14:00:00,113.23,113.98,112.61,112.92,90902,10134,112.902
2004-04-14 15:00:00,112.92,113.19,112.56,113.19,91386,12118,112.854
2004-04-14 16:00:00,113.19,113.45,113.12,113.4,13625,586,113.277
2004-04-15 09:30:00,113.45,113.78,113.27,113.42,74191,7190,113.514
2004-04-15 10:00:00,113.4,113.52,112.86,112.9,154089,13572,113.176
2004-04-15 11:00:00,112.9,113.22,112.85,113.11,64345,6798,113.025
2004-04-15 12:00:00,113.11,113.32,112.67,113.16,70729,7874,112.96
2004-04-15 13:00:00,113.15,113.18,112.7,112.74,30505,6024,112.932
2004-04-15 14:00:00,112.75,113.07,112.36,113.0,84867,12196,112.69
2004-04-15 15:00:00,113.01,113.39,112.03,113.17,67335,10364,113.168
2004-04-15 16:00:00,113.2,113.22,112.9,112.91,13227,556,113.115
2004-04-16 09:30:00,113.43,113.72,112.98,113.06,84589,10100,113.206
2004-04-16 10:00:00,113.07,113.6,113.02,113.43,86870,10192,113.333
2004-04-16 11:00:00,113.43,113.78,113.4,113.71,51812,7828,113.634
2004-04-16 12:00:00,113.71,114.05,113.64,113.91,65185,5027,113.893
2004-04-16 13:00:00,113.93,113.97,113.62,113.73,24565,3597,113.792
2004-04-16 14:00:00,113.74,113.96,113.64,113.73,25593,3975,113.821
2004-04-16 15:00:00,113.73,113.92,113.5,113.72,47325,8238,113.773
2004-04-16 16:00:00,113.73,113.93,113.71,113.83,14549,472,113.837
2004-04-19 09:30:00,113.55,113.84,113.4,113.55,41667,5626,113.61
2004-04-19 10:00:00,113.53,113.63,113.27,113.48,41979,7229,113.431
2004-04-19 11:00:00,113.48,116.63,113.38,113.73,35771,5309,113.727
2004-04-19 12:00:00,113.72,113.79,113.61,113.7,35314,3278,113.736
2004-04-19 13:00:00,113.7,113.73,113.45,113.59,28790,3767,113.561
2004-04-19 14:00:00,113.6,113.73,113.43,113.69,23690,2219,113.568
2004-04-19 15:00:00,113.7,113.99,0.87,113.89,38400,4869,113.783
2004-04-19 16:00:00,113.89,113.9,113.79,113.79,8730,388,113.86
2004-04-20 09:30:00,114.11,114.28,113.96,114.26,46919,5018,114.094
2004-04-20 10:00:00,114.25,114.32,113.9,113.95,57051,6864,114.159
2004-04-20 11:00:00,113.94,113.99,113.67,113.67,38310,6678,113.868
2004-04-20 12:00:00,113.68,113.9,113.65,113.78,20847,3689,113.784
2004-04-20 13:00:00,113.78,113.98,113.71,113.93,15383,3394,113.866
2004-04-20 14:00:00,113.93,113.96,113.24,113.25,75031,8468,113.589
2004-04-20 15:00:00,113.25,113.45,112.11,112.14,185172,18823,112.827
2004-04-20 16:00:00,112.12,113.08,111.78,111.89,35074,1533,111.954
2004-04-21 09:30:00,112.2,112.38,111.87,112.34,74889,6975,112.096
2004-04-21 10:00:00,112.34,112.72,111.96,112.07,124609,11486,112.426
2004-04-21 11:00:00,112.08,112.6,111.89,112.6,78818,9154,112.17
2004-04-21 12:00:00,112.6,112.79,112.37,112.45,48541,6276,112.578
2004-04-21 13:00:00,112.45,112.76,112.43,112.74,15944,3501,112.554
2004-04-21 14:00:00,112.75,112.95,112.48,112.53,61161,8380,112.76
2004-04-21 15:00:00,112.52,112.87,112.52,112.81,55820,6151,112.724
2004-04-21 16:00:00,112.81,112.84,112.68,112.75,11172,676,112.753
2004-04-22 09:30:00,112.48,112.88,112.44,112.8,29618,4582,112.68
2004-04-22 10:00:00,112.82,113.01,112.5,112.93,74577,8454,112.723
2004-04-22 11:00:00,112.95,114.11,112.24,114.0,183156,10916,113.749
2004-04-22 12:00:00,113.96,114.22,113.89,114.05,42093,4678,114.053
2004-04-22 13:00:00,113.99,114.66,113.96,114.53,82814,6348,114.448
2004-04-22 14:00:00,114.53,114.67,114.32,114.59,58134,5867,114.49
2004-04-22 15:00:00,114.59,114.64,114.21,114.44,86667,9052,114.403
2004-04-22 16:00:00,114.45,114.46,114.15,114.19,16581,625,114.356
2004-04-23 09:30:00,114.42,114.44,114.0,114.22,44089,5456,114.226
2004-04-23 10:00:00,114.22,114.26,113.95,114.16,45805,7185,114.086
2004-04-23 11:00:00,114.13,114.21,113.83,113.94,32285,4738,113.988
2004-04-23 12:00:00,113.94,114.27,113.79,114.21,26877,4290,114.066
2004-04-23 13:00:00,114.21,114.38,114.01,114.28,22288,3547,114.2
2004-04-23 14:00:00,114.27,114.61,113.34,114.5,38340,4974,114.412
2004-04-23 15:00:00,114.5,114.55,114.28,114.44,43139,6358,114.432
2004-04-23 16:00:00,114.39,114.47,114.35,114.42,9409,338,114.421
2004-04-26 09:30:00,114.5,114.94,114.47,114.85,44289,4274,114.686
2004-04-26 10:00:00,114.85,114.89,114.02,114.17,68236,8862,114.347
2004-04-26 11:00:00,114.18,114.43,114.17,114.36,24169,4167,114.327
2004-04-26 12:00:00,114.36,114.45,114.15,114.22,17379,3194,114.263
2004-04-26 13:00:00,114.23,114.4,114.15,114.2,14342,3129,114.285
2004-04-26 14:00:00,114.18,114.23,113.75,113.97,53489,8152,113.909
2004-04-26 15:00:00,113.98,114.0,113.6,113.91,72891,9131,113.829
2004-04-26 16:00:00,113.91,114.28,113.9,114.23,11940,689,114.039
2004-04-27 09:30:00,114.23,114.4,114.13,114.3,29274,4181,114.309
2004-04-27 10:00:00,114.27,115.12,114.27,114.64,112162,11683,114.751
2004-04-27 11:00:00,114.64,114.85,114.51,114.8,46656,4797,114.708
2004-04-27 12:00:00,114.81,114.9,0.79,114.85,20765,2230,114.752
2004-04-27 13:00:00,114.84,114.94,114.69,114.89,23075,2946,114.839
2004-04-27 14:00:00,114.86,114.92,113.96,114.26,94746,8691,114.397
2004-04-27 15:00:00,114.26,114.39,114.02,114.22,63683,6442,114.221
2004-04-27 16:00:00,114.25,114.31,114.13,114.28,7306,398,114.232
2004-04-28 09:30:00,113.88,114.33,113.27,113.53,63005,6678,113.503
2004-04-28 10:00:00,113.52,113.58,113.12,113.19,65928,9040,113.384
2004-04-28 11:00:00,113.18,113.27,112.75,113.09,72660,8852,113.017
2004-04-28 12:00:00,113.08,113.31,113.01,113.28,39839,5091,113.137
2004-04-28 13:00:00,113.27,113.9,112.82,113.05,40004,5354,113.036
2004-04-28 14:00:00,113.06,113.28,112.75,112.86,52181,7858,112.999
2004-04-28 15:00:00,112.87,113.0,112.5,112.58,96170,11147,112.676
2004-04-28 16:00:00,112.58,112.88,112.53,112.83,18918,830,112.7
2004-04-29 09:30:00,112.72,112.89,112.28,112.53,88779,7832,112.531
2004-04-29 10:00:00,112.53,113.32,112.44,113.15,81276,10504,112.976
2004-04-29 11:00:00,113.14,113.3,112.43,112.54,56965,9181,112.829
2004-04-29 12:00:00,112.54,112.63,112.04,112.25,84393,10038,112.313
2004-04-29 13:00:00,112.28,112.63,112.12,112.36,49612,7331,112.382
2004-04-29 14:00:00,112.36,112.54,111.5,111.68,112142,11120,111.837
2004-04-29 15:00:00,111.67,112.49,111.16,111.84,115653,14998,111.609
2004-04-29 16:00:00,111.85,111.97,111.76,111.9,13032,479,111.841
2004-04-30 09:30:00,112.17,112.38,111.92,111.97,69098,5946,112.132
2004-04-30 10:00:00,111.96,112.24,111.49,111.98,105660,13430,111.84
2004-04-30 11:00:00,111.99,112.3,111.72,111.86,48217,7685,112.024
2004-04-30 12:00:00,111.85,112.06,111.6,111.73,34187,6447,111.818
2004-04-30 13:00:00,111.72,112.06,111.62,112.0,35723,5862,111.836
2004-04-30 14:00:00,112.02,112.13,111.68,111.73,26076,6510,111.887
2004-04-30 15:00:00,111.74,111.76,111.1,111.13,87368,13239,111.371
2004-04-30 16:00:00,111.17,111.25,110.9,111.02,32720,685,111.01
2004-05-03 09:30:00,111.39,111.82,111.35,111.79,36885,4533,111.579
2004-05-03 10:00:00,111.79,114.7,111.42,112.04,64320,7885,111.818
2004-05-03 11:00:00,112.04,112.29,111.94,112.01,38648,5370,112.093
2004-05-03 12:00:00,111.98,112.11,111.85,112.05,28469,3656,111.997
2004-05-03 13:00:00,112.06,112.08,111.56,111.79,28487,3781,111.846
2004-05-03 14:00:00,111.79,112.12,111.56,111.63,43163,6458,111.845
2004-05-03 15:00:00,111.65,112.22,111.6,112.14,45755,6767,111.951
2004-05-03 16:00:00,112.15,112.22,111.19,112.13,8748,414,112.162
2004-05-04 09:30:00,112.25,112.32,112.08,112.26,47331,4925,112.216
2004-05-04 10:00:00,112.28,112.43,112.09,112.2,36788,5989,112.249
2004-05-04 11:00:00,112.2,112.3,111.91,111.92,39026,4515,112.095
2004-05-04 12:00:00,111.96,111.99,111.66,111.81,34690,3821,111.841
2004-05-04 13:00:00,111.81,112.91,111.78,112.05,24145,3606,111.981
2004-05-04 14:00:00,112.03,113.26,111.7,113.21,160951,15512,112.45
2004-05-04 15:00:00,113.2,113.25,111.95,112.36,131232,13886,112.536
2004-05-04 16:00:00,112.35,112.39,112.05,112.05,13698,521,112.166
2004-05-05 09:30:00,112.42,112.6,112.16,112.49,46716,4847,112.346
2004-05-05 10:00:00,112.47,112.89,112.21,112.64,75135,7737,112.592
2004-05-05 11:00:00,112.65,112.81,112.4,112.7,46262,5320,112.569
2004-05-05 12:00:00,112.67,112.72,112.25,112.34,31858,4497,112.445
2004-05-05 13:00:00,112.37,112.71,112.27,112.71,26243,4507,112.511
2004-05-05 14:00:00,112.68,112.96,0.79,112.81,41196,5923,112.669
2004-05-05 15:00:00,112.8,112.9,112.57,112.58,41730,6868,112.715
2004-05-05 16:00:00,112.61,112.74,112.52,112.74,14206,509,112.616
2004-05-06 09:30:00,112.02,112.23,111.93,112.06,64737,5599,112.086
2004-05-06 10:00:00,112.08,112.99,111.3,111.55,89883,11417,111.867
2004-05-06 11:00:00,111.55,111.68,111.38,111.52,75830,7246,111.573
2004-05-06 12:00:00,111.53,112.24,111.0,111.3,65629,8429,111.266
2004-05-06 13:00:00,111.31,111.49,111.23,111.42,33198,5228,111.392
2004-05-06 14:00:00,111.41,112.59,111.22,111.6,61278,7162,111.691
2004-05-06 15:00:00,111.6,112.09,111.45,111.85,82831,9059,111.86
2004-05-06 16:00:00,111.84,111.95,111.8,111.85,18216,615,111.856
2004-05-07 09:30:00,111.22,112.23,111.18,111.61,90134,9405,111.746
2004-05-07 10:00:00,111.57,111.86,111.1,111.6,91505,11633,111.538
2004-05-07 11:00:00,111.56,111.7,111.33,111.47,35087,6170,111.499
2004-05-07 12:00:00,111.46,111.63,111.26,111.51,24234,5079,111.438
2004-05-07 13:00:00,111.51,111.66,110.39,110.8,49677,7003,111.178
2004-05-07 14:00:00,110.93,111.05,110.38,110.72,128423,14512,110.629
2004-05-07 15:00:00,110.73,110.85,101.77,110.3,98386,13414,110.461
2004-05-07 16:00:00,110.29,110.4,110.03,110.06,19561,1109,110.262
2004-05-10 09:30:00,109.44,109.8,108.53,109.27,102004,9156,109.484
2004-05-10 10:00:00,109.29,109.92,108.61,108.97,132015,15740,108.988
2004-05-10 11:00:00,108.94,108.99,108.36,108.75,115440,12912,108.667
2004-05-10 12:00:00,108.76,109.4,108.7,109.39,83579,9510,109.019
2004-05-10 13:00:00,109.39,109.53,108.9,108.96,68386,9541,109.275
2004-05-10 14:00:00,108.98,109.1,108.57,108.92,56579,9401,108.831
2004-05-10 15:00:00,108.91,109.21,108.51,109.13,99474,14192,108.891
2004-05-10 16:00:00,109.11,109.15,108.88,108.88,19074,849,109.04
2004-05-11 09:30:00,109.46,109.89,109.35,109.76,94659,7997,109.606
2004-05-11 10:00:00,109.76,109.96,109.51,109.72,60922,8591,109.735
2004-05-11 11:00:00,109.73,110.05,109.7,109.82,51481,5925,109.9
2004-05-11 12:00:00,109.82,109.94,109.7,109.78,27778,4004,109.805
2004-05-11 13:00:00,109.78,109.83,109.33,109.47,52600,6658,109.553
2004-05-11 14:00:00,109.43,109.9,109.42,109.7,55092,6123,109.68
2004-05-11 15:00:00,109.71,110.04,109.51,110.01,58847,7861,109.802
2004-05-11 16:00:00,110.01,110.05,109.59,109.72,29849,903,109.841
2004-05-12 09:30:00,109.59,109.66,109.36,109.52,36150,4366,109.532
2004-05-12 10:00:00,109.52,109.85,108.66,108.94,138344,12487,108.962
2004-05-12 11:00:00,108.91,109.89,108.41,108.45,91122,10306,108.685
2004-05-12 12:00:00,108.44,109.36,108.12,108.45,135798,12209,108.418
2004-05-12 13:00:00,108.59,109.43,108.06,108.28,78279,7916,108.387
2004-05-12 14:00:00,108.26,109.04,108.22,108.84,108499,14972,108.672
2004-05-12 15:00:00,108.84,110.3,108.77,110.3,212798,17591,109.656
2004-05-12 16:00:00,110.3,110.53,110.1,110.42,33547,733,110.409
2004-05-13 09:30:00,109.76,110.27,109.73,109.99,59880,6756,109.978
2004-05-13 10:00:00,109.96,110.39,109.63,110.33,116518,9995,110.028
2004-05-13 11:00:00,110.36,110.81,109.44,110.68,97169,8288,110.394
2004-05-13 12:00:00,110.69,110.79,110.1,110.19,55130,5750,110.409
2004-05-13 13:00:00,110.21,110.39,109.88,110.02,35768,5663,110.143
2004-05-13 14:00:00,110.03,110.15,109.67,109.9,46353,8085,109.911
2004-05-13 15:00:00,109.88,111.08,109.86,110.15,77881,9855,110.171
2004-05-13 16:00:00,110.14,110.98,109.87,109.95,30141,710,110.094
2004-05-14 09:30:00,109.96,110.44,109.68,109.74,80389,8090,110.083
2004-05-14 10:00:00,109.75,110.28,109.27,110.16,111741,14416,109.625
2004-05-14 11:00:00,110.19,110.21,109.26,109.79,47743,7899,109.943
2004-05-14 12:00:00,109.79,110.43,109.75,110.3,38521,7005,110.09
2004-05-14 13:00:00,110.31,110.7,110.23,110.36,62753,7570,110.486
2004-05-14 14:00:00,110.36,111.54,110.27,110.35,53847,8223,110.473
2004-05-14 15:00:00,110.36,110.36,109.93,110.02,58084,10453,110.123
2004-05-14 16:00:00,110.02,111.73,109.95,109.96,8891,722,110.065
2004-05-17 09:30:00,108.89,109.12,108.72,108.88,73038,6381,108.916
2004-05-17 10:00:00,108.87,109.25,106.29,108.95,157651,14338,108.84
2004-05-17 11:00:00,108.97,109.5,108.8,109.38,60642,8125,109.22
2004-05-17 12:00:00,109.37,109.48,108.83,109.08,36523,5131,109.113
2004-05-17 13:00:00,109.07,109.17,108.71,108.93,37103,4744,108.908
2004-05-17 14:00:00,108.94,109.31,108.87,109.08,45501,8083,109.126
2004-05-17 15:00:00,109.08,109.89,108.66,108.85,64524,8932,109.031
2004-05-17 16:00:00,108.85,109.15,108.81,109.09,12811,690,108.918
2004-05-18 09:30:00,109.51,109.74,109.33,109.44,47567,5282,109.515
2004-05-18 10:00:00,109.46,109.9,109.34,109.78,53286,6540,109.619
2004-05-18 11:00:00,109.78,109.89,109.64,109.72,35452,3088,109.728
2004-05-18 12:00:00,109.73,109.94,109.69,109.76,26720,2836,109.846
2004-05-18 13:00:00,109.76,109.85,109.54,109.56,25085,2756,109.732
2004-05-18 14:00:00,109.56,109.9,109.46,109.67,30316,3245,109.722
2004-05-18 15:00:00,109.68,109.81,109.6,109.7,46703,5265,109.72
2004-05-18 16:00:00,109.69,109.77,109.56,109.56,17503,626,109.689
2004-05-19 09:30:00,110.5,110.67,110.33,110.6,53295,4857,110.514
2004-05-19 10:00:00,110.61,111.18,110.6,110.97,103188,8309,110.956
2004-05-19 11:00:00,110.97,111.1,110.82,110.96,48166,7278,110.924
2004-05-19 12:00:00,110.96,111.07,110.73,110.83,23929,5715,110.892
2004-05-19 13:00:00,110.81,111.0,110.68,110.94,35604,6161,110.831
2004-05-19 14:00:00,110.93,110.98,110.1,110.15,86713,11805,110.438
2004-05-19 15:00:00,110.15,110.2,109.3,109.41,138198,17888,109.768
2004-05-19 16:00:00,109.45,109.46,109.15,109.24,21145,719,109.3
2004-05-20 09:30:00,109.45,109.8,109.3,109.67,59109,5544,109.544
2004-05-20 10:00:00,109.67,109.87,109.43,109.67,55781,7359,109.599
2004-05-20 11:00:00,109.7,109.86,109.52,109.6,28702,4686,109.637
2004-05-20 12:00:00,109.59,109.6,109.04,109.43,73045,8123,109.314
2004-05-20 13:00:00,109.44,109.68,109.3,109.61,27824,3625,109.489
2004-05-20 14:00:00,109.6,109.79,109.36,109.52,43304,5600,109.598
2004-05-20 15:00:00,109.55,109.81,109.36,109.52,57000,6808,109.593
2004-05-20 16:00:00,109.51,109.65,109.45,109.62,9895,504,109.563
2004-05-21 09:30:00,109.97,110.11,109.81,109.86,54572,4235,109.927
2004-05-21 10:00:00,109.85,110.2,109.62,110.19,76558,6836,109.877
2004-05-21 11:00:00,110.2,110.55,100.32,110.32,88355,7661,109.766
2004-05-21 12:00:00,110.32,110.4,110.21,110.29,29764,4177,110.306
2004-05-21 13:00:00,110.3,110.35,109.77,109.96,71524,6565,109.986
2004-05-21 14:00:00,109.97,110.03,109.47,109.63,43576,5608,109.809
2004-05-21 15:00:00,109.63,109.95,109.47,109.93,57802,8083,109.752
2004-05-21 16:00:00,109.94,109.98,109.82,109.83,19927,660,109.906
2004-05-24 09:30:00,110.53,110.76,110.34,110.57,47573,5271,110.571
2004-05-24 10:00:00,110.55,110.64,110.1,110.37,87124,7555,110.316
2004-05-24 11:00:00,110.37,110.45,109.74,109.92,86450,8397,110.026
2004-05-24 12:00:00,109.93,110.03,109.68,109.73,47726,4794,109.826
2004-05-24 13:00:00,109.75,110.28,109.71,110.09,41255,5027,110.03
2004-05-24 14:00:00,110.08,110.17,108.98,109.97,24762,4778,109.933
2004-05-24 15:00:00,109.98,110.31,109.91,110.09,44746,8242,110.114
2004-05-24 16:00:00,110.1,110.3,109.97,110.25,11022,607,110.096
2004-05-25 09:30:00,109.9,110.0,109.66,109.7,32840,4585,109.833
2004-05-25 10:00:00,109.69,110.45,109.6,110.26,114881,11304,110.03
2004-05-25 11:00:00,110.27,110.49,110.09,110.36,41727,5825,110.252
2004-05-25 12:00:00,110.37,110.97,110.34,110.93,44128,6596,110.618
2004-05-25 13:00:00,110.94,111.48,110.9,111.33,67610,9091,111.193
2004-05-25 14:00:00,111.33,111.43,110.3,111.34,54270,8015,111.254
2004-05-25 15:00:00,111.35,111.98,110.53,111.92,76861,9678,111.713
2004-05-25 16:00:00,111.9,111.95,111.77,111.81,18706,669,111.898
2004-05-26 09:30:00,111.66,111.95,111.62,111.84,49761,5215,111.782
2004-05-26 10:00:00,111.85,111.97,111.51,111.87,72546,10201,111.715
2004-05-26 11:00:00,111.88,112.03,111.64,111.95,39992,4937,111.812
2004-05-26 12:00:00,111.95,112.1,110.9,111.97,26835,4238,112.006
2004-05-26 13:00:00,111.97,112.22,111.85,111.98,33390,5600,112.022
2004-05-26 14:00:00,111.98,112.29,111.78,112.07,57573,8966,112.064
2004-05-26 15:00:00,112.09,113.0,111.77,112.09,48320,8011,111.994
2004-05-26 16:00:00,112.09,112.23,112.04,112.21,9486,476,112.113
2004-05-27 09:30:00,112.54,112.75,112.46,112.72,92778,6783,112.591
2004-05-27 10:00:00,112.72,113.03,112.68,112.91,56948,8014,112.882
2004-05-27 11:00:00,112.92,112.95,112.31,112.55,71246,8410,112.516
2004-05-27 12:00:00,112.55,112.6,112.1,112.14,45124,5485,112.322
2004-05-27 13:00:00,112.14,112.38,112.06,112.23,29595,4959,112.223
2004-05-27 14:00:00,112.23,112.65,112.12,112.6,36451,6575,112.478
2004-05-27 15:00:00,112.58,112.9,112.37,112.72,62785,9038,112.672
2004-05-27 16:00:00,112.72,112.92,112.67,112.85,14535,633,112.75
2004-05-28 09:30:00,112.73,112.8,112.48,112.56,39940,4821,112.629
2004-05-28 10:00:00,112.55,112.73,112.36,112.51,57539,7697,112.515
2004-05-28 11:00:00,112.51,112.71,112.48,112.54,18346,4411,112.597
2004-05-28 12:00:00,112.56,112.78,112.52,112.58,13807,3316,112.623
2004-05-28 13:00:00,112.57,112.65,112.44,112.55,14654,2974,112.56
2004-05-28 14:00:00,112.54,112.75,112.52,112.66,12202,2989,112.649
2004-05-28 15:00:00,112.67,112.87,112.51,112.71,35758,7387,112.673
2004-05-28 16:00:00,112.71,112.87,112.62,112.82,24472,596,112.705
